word,i,j,gap,page_i,page_j,quire_i,quire_j,lang_i,lang_j,section_i,section_j
cthes,26,35623,35597,f1r,f113r,A,T,A,B,T,S
cfhaiin,42,1333,1291,f1r,f8r,A,A,A,A,T,H
cphoy,47,2814,2767,f1r,f18v,A,C,A,A,T,H
cphodal,75,8836,8761,f1r,f51r,A,G,A,A,T,H
es,76,11599,11523,f1r,f67r2,A,I,A,?,T,A
shoy,85,27465,27380,f1r,f102v2,A,S,A,A,T,P
<152>an,101,13390,13289,f1r,f71v,A,K,A,?,T,Z
kod,103,4271,4168,f1r,f27v,A,D,A,A,T,H
dchar,141,4308,4167,f1r,f28r,A,D,A,A,T,H
cthols,147,6001,5854,f1r,f37v,A,E,A,A,T,H
kokaiin,190,2193,2003,f1r,f15r,A,B,A,A,T,H
chtor,201,9112,8911,f1r,f53r,A,G,A,A,T,H
cfhar,212,3725,3513,f1v,f24r,A,C,A,A,H,H
okodar,220,22044,21824,f1v,fRos,A,N,A,B,H,C
cphoal,240,35556,35316,f1v,f113r,A,T,A,B,H,S
otoaiin,244,13080,12836,f1v,f70v2,A,J,A,?,H,Z
choees,257,3013,2756,f1v,f20r,A,C,A,A,H,H
dolky,279,6280,6001,f1v,f39v,A,E,A,B,H,H
toor,286,22136,21850,f1v,fRos,A,N,A,B,H,C
ykody,351,9086,8735,f2r,f53r,A,G,A,A,H,H
olsaiin,371,20264,19893,f2r,f83r,A,M,A,B,H,B
yor,378,9299,8921,f2r,f54r,A,G,A,A,H,H
kooiin,394,4492,4098,f2v,f29v,A,D,A,A,H,H
loeees,404,34407,34003,f2v,f111v,A,T,A,B,H,S
qopal,451,34739,34288,f3r,f112r,A,T,A,B,H,S
otchody,493,2060,1567,f3r,f14r,A,B,A,A,H,H
qokeom,530,24031,23501,f3r,f88v,A,O,A,A,H,P
qopchor,541,5800,5259,f3r,f36v,A,E,A,A,H,H
qoeor,548,831,283,f3r,f5r,A,A,A,A,H,H
qosaiin,551,29435,28884,f3r,f104v,A,T,A,B,H,S
okolor,560,7591,7031,f3r,f45v,A,F,A,A,H,H
sha,565,1004,439,f3v,f6v,A,A,A,A,H,H
ykoaiin,567,11643,11076,f3v,f67r2,A,I,A,?,H,A
okai,583,19752,19169,f3v,f82v,A,M,A,B,H,B
ochos,617,34897,34280,f3v,f112v,A,T,A,B,H,S
chodair,630,24749,24119,f3v,f89v1,A,O,A,A,H,P
keam,644,32630,31986,f3v,f108r,A,T,A,B,H,S
pydaiin,676,6859,6183,f4r,f42r,A,F,A,A,H,H
shytchy,680,4497,3817,f4r,f29v,A,D,A,A,H,H
cpholdy,690,3870,3180,f4r,f25r,A,D,A,A,H,H
qotchoiin,700,740,40,f4r,f4v,A,A,A,A,H,H
qot<221>,702,783,81,f4r,f4v,A,A,A,A,H,H
kchoy,710,9442,8732,f4v,f55r,A,G,A,B,H,H
ytchoy,742,994,252,f4v,f6v,A,A,A,A,H,H
torchy,745,1943,1198,f4v,f13r,A,B,A,A,H,H
cthory,755,5557,4802,f4v,f35r,A,E,A,A,H,H
skeey,774,20906,20132,f4v,f84r,A,M,A,B,H,B
chykey,785,9634,8849,f4v,f56r,A,G,A,A,H,H
olsy,792,26288,25496,f5r,f99v,A,S,A,A,H,P
cholols,822,10421,9599,f5r,f58r,A,H,A,A,H,S
qotoeey,835,2984,2149,f5r,f20r,A,C,A,A,H,H
<222>tchey,842,10868,10026,f5v,f65v,A,H,A,?,H,H
cheotol,875,4726,3851,f5v,f30v,A,D,A,A,H,H
foar,884,3839,2955,f6r,f24v,A,C,A,A,H,H
chotols,900,26599,25699,f6r,f100v,A,S,A,A,H,P
poeear,901,23962,23061,f6r,f88r,A,O,A,A,H,P
kshor,902,8411,7509,f6r,f49v,A,G,A,A,H,H
cheoeees,905,3732,2827,f6r,f24r,A,C,A,A,H,H
pchar,938,1429,491,f6r,f8v,A,A,A,A,H,H
ctheod,947,24999,24052,f6r,f90v2,A,O,A,A,H,H
qocthol,961,3705,2744,f6r,f24r,A,C,A,A,H,H
che<221>s,981,26784,25803,f6v,f101r,A,S,A,A,H,P
chocthhy,1012,6004,4992,f6v,f37v,A,E,A,A,H,H
ychos,1014,25220,24206,f6v,f93r,A,Q,A,A,H,H
qokom,1022,7644,6622,f6v,f45v,A,F,A,A,H,H
oeeo,1023,26944,25921,f6v,f101v,A,S,A,A,H,P
ytchos,1035,4853,3818,f6v,f31v,A,D,A,B,H,H
fchodaiin,1078,25892,24814,f7r,f95v1,A,Q,A,B,H,H
qoos,1082,4455,3373,f7r,f29r,A,D,A,A,H,H
kchos,1105,8470,7365,f7r,f49v,A,G,A,A,H,H
otshol,1146,2688,1542,f7v,f18r,A,C,A,A,H,H
chcphhy,1154,22333,21179,f7v,f86v4,A,N,A,B,H,C
dykchy,1160,2158,998,f7v,f14v,A,B,A,A,H,H
dchodaiin,1178,8375,7197,f7v,f49r,A,G,A,A,H,H
pshol,1212,24249,23037,f8r,f89r1,A,O,A,A,H,P
chof,1243,4239,2996,f8r,f27v,A,D,A,A,H,H
choto,1263,37672,36409,f8r,f115v,A,T,A,B,H,S
choor,1265,2047,782,f8r,f14r,A,B,A,A,H,H
sholdaiin,1275,27117,25842,f8r,f102r1,A,S,A,A,H,P
<222>chey,1316,27637,26321,f8r,f102v1,A,S,A,A,H,P
scheaiin,1319,2179,860,f8r,f15r,A,B,A,A,H,H
chean,1328,1386,58,f8r,f8v,A,A,A,A,H,H
cha,1338,1455,117,f8r,f8v,A,A,A,A,H,H
saim,1356,7839,6483,f8r,f46v,A,F,A,B,H,H
opydaiin,1364,2549,1185,f8v,f17v,A,C,A,A,H,H
cthan,1399,38227,36828,f8v,f116r,A,T,A,B,H,S
cheykaiin,1401,34379,32978,f8v,f111v,A,T,A,B,H,S
cth<221>r,1421,2642,1221,f8v,f17v,A,C,A,A,H,H
pchy,1426,4199,2773,f8v,f27r,A,D,A,A,H,H
sorain,1428,21697,20269,f8v,f85r2,A,N,A,B,H,C
chodey,1469,2987,1518,f8v,f20r,A,C,A,A,H,H
oykeey,1485,2024,539,f9r,f14r,B,B,A,A,H,H
qotod,1496,9167,7671,f9r,f53v,B,G,A,A,H,H
qofol,1562,21460,19898,f9v,f85r1,B,N,A,B,H,T
toldy,1591,7128,5537,f9v,f43r,B,F,A,B,H,H
odol,1601,25292,23691,f9v,f93r,B,Q,A,A,H,H
ctchy,1612,6978,5366,f9v,f42v,B,F,A,A,H,H
chorchy,1642,9627,7985,f10r,f56r,B,G,A,A,H,H
pchodol,1643,2546,903,f10r,f17v,B,C,A,A,H,H
olty,1748,17633,15885,f10v,f79r,B,M,A,B,H,B
qotoiin,1771,5964,4193,f10v,f37v,B,E,A,A,H,H
dod,1805,7582,5777,f11r,f45v,B,F,A,A,H,H
ddy,1873,2816,943,f11v,f18v,B,C,A,A,H,H
shkchy,1895,28138,26243,f13r,f103r,B,T,A,B,H,S
ydal,1896,3804,1908,f13r,f24v,B,C,A,A,H,H
ytshy,1909,2763,854,f13r,f18v,B,C,A,A,H,H
qodchy,1913,2831,918,f13r,f19r,B,C,A,A,H,H
dpchy,1920,3303,1383,f13r,f22r,B,C,A,A,H,H
ykoly,1952,13750,11798,f13r,f72r3,B,K,A,?,H,Z
octhos,1964,24612,22648,f13v,f89v2,B,O,A,A,H,P
qocky,1981,29155,27174,f13v,f104v,B,T,A,B,H,S
okald,2004,11994,9990,f13v,f68r3,B,I,A,?,H,A
soshy,2052,3864,1812,f14r,f25r,B,D,A,A,H,H
ypchor,2097,23262,21165,f14v,f86v5,B,N,A,B,H,T
dytchy,2114,2844,730,f14v,f19r,B,C,A,A,H,H
darody,2123,7308,5185,f14v,f43v,B,F,A,B,H,H
dydydy,2138,7123,4985,f14v,f43r,B,F,A,B,H,H
dardy,2150,5368,3218,f14v,f34r,B,E,A,B,H,H
chokshor,2151,13502,11351,f14v,f72r1,B,K,A,?,H,Z
koly,2173,13806,11633,f15r,f72r3,B,K,A,?,H,Z
daky,2248,2880,632,f15r,f19r,B,C,A,A,H,H
qotchod,2270,4708,2438,f15v,f30v,B,D,A,A,H,H
kan,2303,15889,13586,f15v,f76v,B,M,A,B,H,B
cthoiin,2306,3377,1071,f15v,f22r,B,C,A,A,H,H
dalchy,2359,36311,33952,f16r,f114r,B,T,A,B,H,S
toror,2374,22922,20548,f16r,f86v6,B,N,A,B,H,T
ydar,2468,26831,24363,f17r,f101r,C,S,A,A,H,P
opydy,2470,3070,600,f17r,f20v,C,C,A,A,H,H
chop,2472,12446,9974,f17r,f69r,C,J,A,?,H,C
ydair,2476,21478,19002,f17r,f85r1,C,N,A,B,H,T
rom,2499,38214,35715,f17r,f116r,C,T,A,B,H,S
ypaim,2501,14108,11607,f17r,f72v1,C,K,A,?,H,Z
ychekchy,2502,2759,257,f17r,f18r,C,C,A,A,H,H
qof,2512,25458,22946,f17r,f94r,C,Q,A,B,H,H
qokcheor,2514,11791,9277,f17r,f67v1,C,I,A,?,H,A
soy,2526,30836,28310,f17r,f106v,C,T,A,B,H,S
ychody,2542,4594,2052,f17r,f30r,C,D,A,A,H,H
chotom,2543,25166,22623,f17r,f93r,C,Q,A,A,H,H
cthodal,2553,23676,21123,f17v,f87r,C,O,A,A,H,H
kchar,2587,7983,5396,f17v,f47r,C,F,A,A,H,H
keeor,2671,35991,33320,f17v,f113v,C,T,A,B,H,S
chlol,2712,13442,10730,f18r,f72r1,C,K,A,?,H,Z
doldy,2726,20327,17601,f18r,f83v,C,M,A,B,H,B
doldaiin,2727,7530,4803,f18r,f45r,C,F,A,A,H,H
chcthal,2735,35552,32817,f18r,f113r,C,T,A,B,H,S
dchal,2765,3859,1094,f18v,f24v,C,C,A,A,H,H
daror,2815,16177,13362,f18v,f77r,C,M,A,B,H,B
yko,2825,13266,10441,f18v,f71r,C,K,A,?,H,Z
dchydy,2838,7332,4494,f19r,f44r,C,F,A,A,H,H
chordy,2845,2895,50,f19r,f19r,C,C,A,A,H,H
dyty,2847,17424,14577,f19r,f79r,C,M,A,B,H,B
qokorar,2856,24674,21818,f19r,f89v2,C,O,A,A,H,P
okchan,2958,5062,2104,f19v,f32v,C,D,A,A,H,H
cho<152>chy,2993,12483,9490,f20r,f69r,C,J,A,?,H,C
tcheodal,3000,9844,6844,f20r,f57r,C,H,A,B,H,H
otolchey,3005,26566,23561,f20r,f100r,C,S,A,A,H,P
qocphy,3036,8889,5853,f20r,f51v,C,G,A,A,H,H
chetody,3042,12248,9206,f20r,f68v2,C,I,A,?,H,A
tolshy,3088,21092,18004,f20v,f84v,C,M,A,B,H,B
o<243>,3091,26931,23840,f20v,f101v,C,S,A,A,H,P
shokaiin,3136,9636,6500,f20v,f56r,C,G,A,A,H,H
qopcheody,3153,30658,27505,f21r,f106r,C,T,A,B,H,S
cholol,3194,7966,4772,f21r,f47r,C,F,A,A,H,H
chotshol,3286,8427,5141,f21v,f49v,C,G,A,A,H,H
cholchaiin,3292,4193,901,f21v,f27r,C,D,A,A,H,H
ocphy,3308,11858,8550,f22r,f68r1,C,I,A,?,H,A
doroiin,3334,3662,328,f22r,f23v,C,C,A,A,H,H
ofchar,3407,7495,4088,f22v,f45r,C,F,A,A,H,H
otchyd,3418,9757,6339,f22v,f56v,C,G,A,A,H,H
okshor,3450,11860,8410,f22v,f68r1,C,I,A,?,H,A
qotch<222>,3470,23577,20107,f22v,f86v3,C,N,A,B,H,C
fcholdy,3483,3863,380,f23r,f25r,C,D,A,A,H,H
ololdy,3489,5289,1800,f23r,f34r,C,E,A,B,H,H
olchar,3540,33235,29695,f23r,f108v,C,T,A,B,H,S
okee<221>r,3605,32998,29393,f23v,f108v,C,T,A,B,H,S
kshol,3656,4361,705,f23v,f28v,C,D,A,A,H,H
olols,3663,25029,21366,f23v,f90v2,C,O,A,A,H,H
opchar,3674,28856,25182,f24r,f104r,C,T,A,B,H,S
qoear,3716,4944,1228,f24r,f31v,C,D,A,B,H,H
tchodar,3780,4317,537,f24v,f28r,C,D,A,A,H,H
otaiir,3795,35753,31958,f24v,f113v,C,T,A,B,H,S
otchos,3796,12303,8507,f24v,f68v2,C,I,A,?,H,A
daid,3818,8982,5164,f24v,f52r,C,G,A,A,H,H
okodaiin,3837,27138,23301,f24v,f102r1,C,S,A,A,H,P
qokch,3842,25835,21993,f24v,f95v1,C,Q,A,B,H,H
chsky,3874,23156,19282,f25r,f86v5,D,N,A,B,H,T
sheear,3885,10196,6311,f25r,f58r,D,H,A,A,H,S
qotcheaiin,3899,4502,603,f25r,f29v,D,D,A,A,H,H
okeeaiin,3926,11985,8059,f25v,f68r3,D,I,A,?,H,A
cheke<152>y,4004,6659,2655,f26r,f41r,D,F,B,B,H,H
pcho,4021,6797,2776,f26r,f42r,D,F,B,A,H,H
qotee<152>ar,4034,35869,31835,f26r,f113v,D,T,B,B,H,S
shese,4051,24995,20944,f26r,f90v2,D,O,B,A,H,H
ypchdy,4063,8090,4027,f26v,f48r,D,F,B,B,H,H
alys,4076,12701,8625,f26v,f69v,D,J,B,?,H,C
ckhdy,4084,6761,2677,f26v,f41v,D,F,B,B,H,H
toeedy,4110,10852,6742,f26v,f65v,D,H,B,?,H,H
tchols,4191,13936,9745,f27r,f72v2,D,K,A,?,H,Z
chals,4202,25814,21612,f27r,f95v2,D,Q,A,B,H,H
keeod,4214,22480,18266,f27r,f86v4,D,N,A,B,H,C
shotchey,4215,30682,26467,f27r,f106r,D,T,A,B,H,S
chodchy,4263,11890,7627,f27v,f68r2,D,I,A,?,H,A
shkeeo,4276,24880,20604,f27v,f90r1,D,O,A,A,H,H
shkol,4278,21084,16806,f27v,f84v,D,M,A,B,H,B
cthodol,4280,23813,19533,f27v,f87v,D,O,A,A,H,H
pchodar,4294,37348,33054,f28r,f115r,D,T,A,B,H,S
qoldy,4301,19270,14969,f28r,f81v,D,M,A,B,H,B
dly,4310,14850,10540,f28r,f75v,D,M,A,B,H,B
qotchaiin,4311,4619,308,f28r,f30r,D,D,A,A,H,H
okoy,4333,6049,1716,f28r,f38r,D,E,A,A,H,H
<221>kam,4340,38403,34063,f28r,f116r,D,T,A,B,H,S
qokchody,4375,25342,20967,f28v,f93v,D,Q,A,A,H,H
qokaiiin,4470,29276,24806,f29r,f104v,D,T,A,B,H,S
oltchy,4526,9608,5082,f29v,f55v,D,G,A,B,H,H
ctos,4527,23789,19262,f29v,f87v,D,O,A,A,H,H
chshy,4535,16394,11859,f29v,f77v,D,M,A,B,H,B
chykar,4574,12568,7994,f29v,f69v,D,J,A,?,H,C
fcheody,4587,24786,20199,f30r,f89v1,D,O,A,A,H,P
dairy,4718,36726,32008,f30v,f114v,D,T,A,B,H,S
sheoldy,4734,20331,15597,f30v,f83v,D,M,A,B,H,B
otcheor,4735,8996,4261,f30v,f52v,D,G,A,A,H,H
sheeod<222>,4775,12976,8201,f31r,f70r2,D,J,B,?,H,C
cheod,4796,29617,24821,f31r,f105r,D,T,B,B,H,S
olsheol,4812,15432,10620,f31r,f76r,D,M,B,B,H,T
qoekedy,4828,21739,16911,f31r,f85r2,D,N,B,B,H,C
podair,4842,36250,31408,f31v,f114r,D,T,B,B,H,S
pcheeody,4887,30545,25658,f31v,f106r,D,T,B,B,H,S
cheef,4893,17127,12234,f31v,f78v,D,M,B,B,H,B
checkh<222>,4901,6140,1239,f31v,f39r,D,E,B,B,H,H
ckheos,4941,25944,21003,f31v,f96r,D,Q,B,A,H,H
ytsho,4971,7388,2417,f32r,f44r,D,F,A,A,H,H
kcheodaiin,5019,35612,30593,f32v,f113r,D,T,A,B,H,S
odan,5074,6898,1824,f32v,f42r,D,F,A,A,H,H
ol<152>ar,5117,5510,393,f33r,f34v,E,E,B,B,H,H
loiin,5121,18419,13298,f33r,f80r,E,M,B,B,H,B
ykag,5131,23424,18293,f33r,f86v3,E,N,B,B,H,C
far,5142,34043,28901,f33r,f111v,E,T,B,B,H,S
cheekaiin,5171,13434,8263,f33r,f71v,E,K,B,?,H,Z
tarar,5175,35619,30444,f33v,f113r,E,T,B,B,H,S
<152><222>,5195,10219,5024,f33v,f58r,E,H,B,A,H,S
okardy,5200,11866,6666,f33v,f68r1,E,I,B,?,H,A
tokar,5203,8266,3063,f33v,f48v,E,F,B,B,H,H
shd<222>,5204,11248,6044,f33v,f66v,E,H,B,B,H,H
shefchdy,5234,21336,16102,f33v,f85r1,E,N,B,B,H,T
shckhdy,5235,10872,5637,f33v,f65v,E,H,B,?,H,H
ch<152>ain,5297,16679,11382,f34r,f77v,E,M,B,B,H,B
okes,5325,12712,7387,f34r,f70r1,E,J,B,?,H,C
oll,5334,28403,23069,f34r,f103v,E,T,B,B,H,S
amg,5340,27217,21877,f34r,f102r2,E,S,B,A,H,P
ysair,5355,31195,25840,f34r,f106v,E,T,B,B,H,S
ykeo,5394,24474,19080,f34r,f89r2,E,O,B,A,H,P
kech<152>y,5399,16769,11370,f34r,f78r,E,M,B,B,H,B
ypch<152>y,5433,21569,16136,f34v,f85r1,E,N,B,B,H,T
ag,5459,6683,1224,f34v,f41r,E,F,B,B,H,H
chechey,5474,34191,28717,f34v,f111v,E,T,B,B,H,S
olchdaiin,5491,5508,17,f34v,f34v,E,E,B,B,H,H
qokeeaiin,5549,32929,27380,f35r,f108v,E,T,A,B,H,S
shetchy,5559,22342,16783,f35r,f86v4,E,N,A,B,H,C
dchokchy,5647,12004,6357,f35v,f68r3,E,I,A,?,H,A
chckhor,5649,21175,15526,f35v,f84v,E,M,A,B,H,B
chkaly,5699,32025,26326,f35v,f107v,E,T,A,B,H,S
qorain,5718,15163,9445,f36r,f76r,E,M,A,B,H,T
podaiir,5739,10322,4583,f36r,f58r,E,H,A,A,H,S
dys,5816,21232,15416,f36v,f84v,E,M,A,B,H,B
otod,5853,9081,3228,f37r,f53r,E,G,A,A,H,H
kshody,5921,12876,6955,f37v,f70r2,E,J,A,?,H,C
yokor,5944,24638,18694,f37v,f89v2,E,O,A,A,H,P
<152><221>in,5980,26977,20997,f37v,f101v,E,S,A,A,H,P
qokoiiin,5985,24761,18776,f37v,f89v1,E,O,A,A,H,P
daiinody,5989,24336,18347,f37v,f89r2,E,O,A,A,H,P
ot<221>iin,6018,26800,20782,f38r,f101r,E,S,A,A,H,P
chochor,6050,9652,3602,f38r,f56r,E,G,A,A,H,H
okeaiin,6068,32932,26864,f38v,f108v,E,T,A,B,H,S
cheo<152>,6093,21367,15274,f38v,f85r1,E,N,A,B,H,T
pchdaiin,6162,35010,28848,f39r,f112v,E,T,B,B,H,S
shockhhy,6170,22497,16327,f39r,f86v4,E,N,B,B,H,C
dchdar,6173,29257,23084,f39r,f104v,E,T,B,B,H,S
ykeols,6205,14114,7909,f39r,f72v1,E,K,B,?,H,Z
dshdy,6210,9918,3708,f39r,f57v,E,H,B,?,H,C
yokeey,6305,9047,2742,f39v,f52v,E,G,B,A,H,H
cho<152>al,6310,12801,6491,f39v,f70r1,E,J,B,?,H,C
oraly,6341,11602,5261,f39v,f67r2,E,I,B,?,H,A
fchor,6374,29292,22918,f39v,f104v,E,T,B,B,H,S
shekam,6381,20788,14407,f39v,f84r,E,M,B,B,H,B
opches,6415,30480,24065,f40r,f106r,E,T,B,B,H,S
ordaiin,6417,11861,5444,f40r,f68r1,E,I,B,?,H,A
chckh<152>,6431,16745,10314,f40r,f78r,E,M,B,B,H,B
okol<152>y,6446,26171,19725,f40r,f99r,E,S,B,A,H,P
<221>g,6464,11585,5121,f40r,f67r2,E,I,B,?,H,A
<152>aram,6493,33367,26874,f40r,f111r,E,T,B,B,H,S
karar,6498,21530,15032,f40r,f85r1,E,N,B,B,H,T
toar,6503,24650,18147,f40r,f89v2,E,O,B,A,H,P
chefaiin,6508,22272,15764,f40v,fRos,E,N,B,B,H,C
toees,6555,11986,5431,f40v,f68r3,E,I,B,?,H,A
olfche<152>y,6558,8577,2019,f40v,f50r,E,G,B,B,H,H
qo<152>y,6574,8806,2232,f40v,f51r,E,G,B,A,H,H
ofair,6609,22018,15409,f40v,fRos,E,N,B,B,H,C
<221>kedy,6620,32480,25860,f41r,f108r,F,T,B,B,H,S
chckheody,6688,26565,19877,f41r,f100r,F,S,B,A,H,P
qekchdy,6696,15787,9091,f41r,f76v,F,M,B,B,H,B
oleeol,6731,27171,20440,f41v,f102r1,F,S,B,A,H,P
sheols,6737,10525,3788,f41v,f58v,F,H,B,A,H,S
ykeeal,6760,12613,5853,f41v,f69v,F,J,B,?,H,C
otcheey,6773,31287,24514,f42r,f107r,F,T,A,B,H,S
pchear,6774,28482,21708,f42r,f103v,F,T,A,B,H,S
shotaiin,6800,22659,15859,f42r,f86v6,F,N,A,B,H,T
yshol,6803,24873,18070,f42r,f90r1,F,O,A,A,H,H
sholy,6864,10089,3225,f42r,f58r,F,H,A,A,H,S
kshes,6875,25925,19050,f42r,f95v1,F,Q,A,B,H,H
qocho,6910,8377,1467,f42v,f49r,F,G,A,A,H,H
rchy,6971,18189,11218,f42v,f80r,F,M,A,B,H,B
odeey,7019,27407,20388,f42v,f102v2,F,S,A,A,H,P
qoto<152>y,7073,25320,18247,f43r,f93v,F,Q,B,A,H,H
pshdar,7114,30339,23225,f43r,f106r,F,T,B,B,H,S
yfchdy,7118,22639,15521,f43r,f86v6,F,N,B,B,H,T
tshed,7152,22829,15677,f43r,f86v6,F,N,B,B,H,T
chckhhhy,7166,24228,17062,f43r,f89r1,F,O,B,A,H,P
arodl,7174,31625,24451,f43v,f107r,F,T,B,B,H,S
to<152>y,7191,27404,20213,f43v,f102v2,F,S,B,A,H,P
pchdol,7225,36669,29444,f43v,f114v,F,T,B,B,H,S
ytshe<152>y,7228,25861,18633,f43v,f95v1,F,Q,B,B,H,H
olos,7248,31049,23801,f43v,f106v,F,T,B,B,H,S
ckhe<152>y,7288,21732,14444,f43v,f85r2,F,N,B,B,H,C
lsho,7465,19273,11808,f44v,f81v,F,M,A,B,H,B
dairl,7486,24527,17041,f44v,f89r2,F,O,A,A,H,P
kolchey,7578,37868,30290,f45v,f115v,F,T,A,B,H,S
dail,7609,16529,8920,f45v,f77v,F,M,A,B,H,B
otytam,7620,22847,15227,f45v,f86v6,F,N,A,B,H,T
cheg,7629,19991,12362,f45v,f83r,F,M,A,B,H,B
sa,7646,35122,27476,f45v,f112v,F,T,A,B,H,S
odys,7724,34441,26717,f46r,f112r,F,T,B,B,H,S
kees,7759,14299,6540,f46r,f73v,F,L,B,?,H,Z
fchdy,7761,29819,22058,f46r,f105r,F,T,B,B,H,S
sheockhy,7790,25969,18179,f46r,f96r,F,Q,B,A,H,H
o<176>ar,7826,32052,24226,f46v,f107v,F,T,B,B,H,S
kaiir,7866,21860,13994,f46v,fRos,F,N,B,B,H,C
tolshey,7916,33021,25105,f46v,f108v,F,T,B,B,H,S
ckhhey,7974,12834,4860,f47r,f70r2,F,J,A,?,H,C
tchod,7978,11253,3275,f47r,f66v,F,H,A,B,H,H
keechy,8029,35996,27967,f47v,f113v,F,T,A,B,H,S
te<152>ain,8106,25515,17409,f48r,f94v,F,Q,B,B,H,H
tolkain,8231,18361,10130,f48v,f80r,F,M,B,B,H,B
loldy,8274,18618,10344,f48v,f80v,F,M,B,B,H,B
ykeedal,8293,11366,3073,f48v,f67r1,F,I,B,?,H,A
choshy,8311,25248,16937,f49r,f93r,G,Q,A,A,H,H
qopchar,8312,29001,20689,f49r,f104r,G,T,A,B,H,S
chotshy,8324,13337,5013,f49r,f71r,G,K,A,?,H,Z
dodar,8325,22405,14080,f49r,f86v4,G,N,A,B,H,C
qotan,8330,14564,6234,f49r,f75r,G,M,A,B,H,B
sheoty,8334,13980,5646,f49r,f72v2,G,K,A,?,H,Z
chokan,8399,9076,677,f49r,f53r,G,G,A,A,H,H
chods,8401,30186,21785,f49r,f105v,G,T,A,B,H,S
qoteees,8442,9746,1304,f49v,f56v,G,G,A,A,H,H
<192>,8455,8500,45,f49v,f49v,G,G,A,A,H,H
dchog,8494,25352,16858,f49v,f93v,G,Q,A,A,H,H
qokeaiin,8527,33607,25080,f49v,f111r,G,T,A,B,H,S
chokaly,8559,13607,5048,f49v,f72r2,G,K,A,?,H,Z
oran,8569,11635,3066,f49v,f67r2,G,I,A,?,H,A
ol<176>air,8576,17904,9328,f50r,f79v,G,M,B,B,H,B
ockhody,8585,24692,16107,f50r,f89v2,G,O,B,A,H,P
olkche<152>y,8628,37565,28937,f50r,f115v,G,T,B,B,H,S
ariin,8642,25138,16496,f50r,f90v1,G,O,B,A,H,H
sheekar,8646,34334,25688,f50r,f111v,G,T,B,B,H,S
<221>tar,8721,24013,15292,f50v,f88v,G,O,B,A,H,P
tedaiin,8723,36770,28047,f50v,f114v,G,T,B,B,H,S
ykeeod,8755,27351,18596,f50v,f102r2,G,S,B,A,H,P
opchear,8764,35596,26832,f51r,f113r,G,T,A,B,H,S
tchodaiin,8815,25371,16556,f51r,f93v,G,Q,A,A,H,H
cheeal,8823,34344,25521,f51r,f111v,G,T,A,B,H,S
dshody,8853,24170,15317,f51v,f89r1,G,O,A,A,H,P
ycheoky,8916,26637,17721,f51v,f100v,G,S,A,A,H,P
oteees,8940,11455,2515,f52r,f67r1,G,I,A,?,H,A
qok<221>,8952,23158,14206,f52r,f86v5,G,N,A,B,H,T
oor,9008,36236,27228,f52v,f114r,G,T,A,B,H,S
ykeodar,9091,11741,2650,f53r,f67v1,G,I,A,?,H,A
o<152>or,9094,24670,15576,f53r,f89v2,G,O,A,A,H,P
y<152>y,9157,12624,3467,f53v,f69v,G,J,A,?,H,C
ychocthy,9183,25278,16095,f53v,f93r,G,Q,A,A,H,H
otsho,9186,12059,2873,f53v,f68v3,G,I,A,?,H,C
ockhol,9221,14003,4782,f54r,f72v2,G,K,A,?,H,Z
okeodain,9230,33420,24190,f54r,f111r,G,T,A,B,H,S
ore,9233,29658,20425,f54r,f105r,G,T,A,B,H,S
chpal,9308,31905,22597,f54v,f107v,G,T,A,B,H,S
<222>kar,9325,10428,1103,f54v,f58r,G,H,A,A,H,S
yckhey,9382,19898,10516,f54v,f82v,G,M,A,B,H,B
alchy,9388,14264,4876,f54v,f73v,G,L,A,?,H,Z
qofair,9397,11641,2244,f55r,f67r2,G,I,B,?,H,A
chepaiin,9400,21621,12221,f55r,f85r2,G,N,B,B,H,C
tched<221>r,9454,16695,7241,f55r,f78r,G,M,B,B,H,B
sheokey,9564,21422,11858,f55v,f85r1,G,N,B,B,H,T
chkorchy,9649,12343,2694,f56r,f68v1,G,I,A,?,H,A
tchoky,9671,27919,18248,f56r,f103r,G,T,A,B,H,S
yt,9678,12463,2785,f56r,f69r,G,J,A,?,H,C
qokcheey,9708,35419,25711,f56r,f113r,G,T,A,B,H,S
choror,9726,26922,17196,f56v,f101v,G,S,A,A,H,P
cheop,9806,26907,17101,f57r,f101v,H,S,B,A,H,P
cheotey,9819,23999,14180,f57r,f88r,H,O,B,A,H,P
qoteeo<152>y,9836,12238,2402,f57r,f68v2,H,I,B,?,H,A
shchdy,9862,27997,18135,f57r,f103r,H,T,B,B,H,S
o<152>air,9869,12596,2727,f57r,f69v,H,J,B,?,H,C
cthe<152>y,9879,28664,18785,f57r,f104r,H,T,B,B,H,S
dairol,9891,16542,6651,f57v,f77v,H,M,?,B,C,B
daro,10038,14713,4675,f57v,f75r,H,M,?,B,C,B
oto<152>al,10069,12201,2132,f57v,f68v3,H,I,?,?,C,C
olchear,10095,13444,3349,f58r,f72r1,H,K,A,?,S,Z
<152>alchy,10114,24835,14721,f58r,f89v1,H,O,A,A,S,P
cholkeey,10140,28116,17976,f58r,f103r,H,T,A,B,S,S
yteodaiin,10159,23814,13655,f58r,f87v,H,O,A,A,S,H
arary,10162,13767,3605,f58r,f72r3,H,K,A,?,S,Z
ote,10177,12582,2405,f58r,f69v,H,J,A,?,S,C
sharam,10205,13497,3292,f58r,f72r1,H,K,A,?,S,Z
darar,10243,26087,15844,f58r,f99r,H,S,A,A,S,P
dalar,10249,10810,561,f58r,f58v,H,H,A,A,S,S
oleeey,10264,29643,19379,f58r,f105r,H,T,A,B,S,S
<221>laiin,10266,21721,11455,f58r,f85r2,H,N,A,B,S,C
tcheos,10272,11885,1613,f58r,f68r2,H,I,A,?,S,A
oteeoaly,10311,12130,1819,f58r,f68v3,H,I,A,?,S,C
al<152>ar,10315,32802,22487,f58r,f108v,H,T,A,B,S,S
ch<222>,10339,16886,6547,f58r,f78r,H,M,A,B,S,B
okalo<152>y,10344,13307,2963,f58r,f71r,H,K,A,?,S,Z
ojy,10357,14771,4414,f58r,f75v,H,M,A,B,S,B
qokalor,10361,10524,163,f58r,f58v,H,H,A,A,S,S
oekeody,10390,29696,19306,f58r,f105r,H,T,A,B,S,S
salol,10440,26093,15653,f58r,f99r,H,S,A,A,S,P
alols,10446,13248,2802,f58r,f70v1,H,J,A,?,S,Z
ypal,10462,22067,11605,f58v,fRos,H,N,A,B,S,C
fchey,10516,36283,25767,f58v,f114r,H,T,A,B,S,S
sh<221>r,10588,13427,2839,f58v,f71v,H,K,A,?,S,Z
alos,10590,13140,2550,f58v,f70v2,H,J,A,?,S,Z
cheockhey,10616,11444,828,f58v,f67r1,H,I,A,?,S,A
qokiir,10623,31471,20848,f58v,f107r,H,T,A,B,S,S
chodol,10625,25961,15336,f58v,f96r,H,Q,A,A,S,H
okeeam,10629,32391,21762,f58v,f108r,H,T,A,B,S,S
cheoltey,10673,13131,2458,f58v,f70v2,H,J,A,?,S,Z
shekar,10711,20561,9850,f58v,f84r,H,M,A,B,S,B
ycheockhy,10725,23785,13060,f58v,f87v,H,O,A,A,S,H
polal,10732,33654,22922,f58v,f111r,H,T,A,B,S,S
cholar,10772,11925,1153,f58v,f68r2,H,I,A,?,S,A
qokeeos,10789,32835,22046,f58v,f108v,H,T,A,B,S,S
otaim,10826,33886,23060,f65r,f111v,H,T,?,B,H,S
fol,10835,18729,7894,f65v,f80v,H,M,?,B,H,B
cheoteey,10844,11951,1107,f65v,f68r3,H,I,?,?,H,A
sals,10874,25084,14210,f66r,f90v1,H,O,B,A,T,H
raral,10887,31202,20315,f66r,f106v,H,T,B,B,T,S
pdaiin,10922,23060,12138,f66r,f86v5,H,N,B,B,T,T
ykady,10956,12609,1653,f66r,f69v,H,J,B,?,T,C
okyd,10988,13602,2614,f66r,f72r2,H,K,B,?,T,Z
dalky,10990,16909,5919,f66r,f78r,H,M,B,B,T,B
kcheo<152>y,11059,37056,25997,f66r,f115r,H,T,B,B,T,S
tosheo,11090,24785,13695,f66r,f89v1,H,O,B,A,T,P
raiir,11110,22293,11183,f66r,fRos,H,N,B,B,T,C
okalche<152>y,11188,35903,24715,f66r,f113v,H,T,B,B,T,S
lche<222>,11202,17113,5911,f66r,f78v,H,M,B,B,T,B
otcheo,11207,29280,18073,f66r,f104v,H,T,B,B,T,S
teodal,11219,24016,12797,f66v,f88v,H,O,B,A,H,P
okech<152>y,11232,32124,20892,f66v,f107v,H,T,B,B,H,S
chek<221>l,11246,30694,19448,f66v,f106r,H,T,B,B,H,S
chckhd,11268,36385,25117,f66v,f114r,H,T,B,B,H,S
dokal,11295,14844,3549,f66v,f75v,H,M,B,B,H,B
chkeeody,11316,27121,15805,f66v,f102r1,H,S,B,A,H,P
teeodaiin,11325,37797,26472,f67r1,f115v,I,T,?,B,A,S
oeteody,11338,11962,624,f67r1,f68r3,I,I,?,?,A,A
dalaiin,11352,15355,4003,f67r1,f76r,I,M,?,B,A,T
chockhedy,11369,29344,17975,f67r1,f104v,I,T,?,B,A,S
sheees,11377,31483,20106,f67r1,f107r,I,T,?,B,A,S
<152>eedy,11378,32779,21401,f67r1,f108v,I,T,?,B,A,S
octhchy,11380,21925,10545,f67r1,fRos,I,N,?,B,A,C
chsy,11421,32243,20822,f67r1,f108r,I,T,?,B,A,S
okeosar,11449,13430,1981,f67r1,f71v,I,K,?,?,A,Z
sotey,11450,36968,25518,f67r1,f114v,I,T,?,B,A,S
dalary,11487,17865,6378,f67r1,f79v,I,M,?,B,A,B
chocfhy,11537,11839,302,f67r2,f68r1,I,I,?,?,A,A
ofor,11546,22347,10801,f67r2,f86v4,I,N,?,B,A,C
ydam,11548,24256,12708,f67r2,f89r1,I,O,?,A,A,P
dalg,11620,24825,13205,f67r2,f89v1,I,O,?,A,A,P
otolor,11624,16356,4732,f67r2,f77v,I,M,?,B,A,B
cpheey,11629,26102,14473,f67r2,f99r,I,S,?,A,A,P
aldaiin,11637,12943,1306,f67r2,f70r2,I,J,?,?,A,C
ypair,11642,29780,18138,f67r2,f105r,I,T,?,B,A,S
rshey,11648,38268,26620,f67r2,f116r,I,T,?,B,A,S
qokeochy,11654,29242,17588,f67r2,f104v,I,T,?,B,A,S
oeeos,11662,36748,25086,f67r2,f114v,I,T,?,B,A,S
ocfhhy,11724,14066,2342,f67v2,f72v1,I,K,?,?,C,Z
okechey,11751,29491,17740,f67v1,f104v,I,T,?,B,A,S
keechey,11762,35691,23929,f67v1,f113r,I,T,?,B,A,S
dcheeos,11769,37047,25278,f67v1,f115r,I,T,?,B,A,S
osheey,11786,23490,11704,f67v1,f86v3,I,N,?,B,A,C
okeeodaiin,11796,25134,13338,f67v1,f90v1,I,O,?,A,A,H
tochso,11813,26618,14805,f68r1,f100v,I,S,?,A,A,P
qokeeedy,11815,36626,24811,f68r1,f114r,I,T,?,B,A,S
chpor,11819,29959,18140,f68r1,f105v,I,T,?,B,A,S
dchos,11830,35310,23480,f68r1,f113r,I,T,?,B,A,S
oke<221>r,11843,15424,3581,f68r1,f76r,I,M,?,B,A,T
okeeodal,11859,13197,1338,f68r1,f70v1,I,J,?,?,A,Z
tear,11867,33617,21750,f68r1,f111r,I,T,?,B,A,S
tsheeor,11869,26192,14323,f68r2,f99r,I,S,?,A,A,P
qockheol,11896,26739,14843,f68r2,f101r,I,S,?,A,A,P
cheoal,11898,36362,24464,f68r2,f114r,I,T,?,B,A,S
cheorol,11914,24053,12139,f68r2,f88v,I,O,?,A,A,P
okeeeody,11924,36175,24251,f68r2,f113v,I,T,?,B,A,S
okoaiin,11939,24802,12863,f68r2,f89v1,I,O,?,A,A,P
qokolchey,11988,25425,13437,f68r3,f94r,I,Q,?,B,A,H
dcheeody,12016,32531,20515,f68r3,f108r,I,T,?,B,A,S
qety,12065,17835,5770,f68v3,f79v,I,M,?,B,C,B
qockhhy,12089,26294,14205,f68v3,f99v,I,S,?,A,C,P
ykos,12108,22034,9926,f68v3,fRos,I,N,?,B,C,C
ocheol,12143,20204,8061,f68v3,f83r,I,M,?,B,C,B
okalody,12172,25792,13620,f68v3,f95v2,I,Q,?,B,C,H
scheos,12249,22339,10090,f68v2,f86v4,I,N,?,B,A,C
salar,12255,30933,18678,f68v2,f106v,I,T,?,B,A,S
shs<152>y,12259,25761,13502,f68v2,f95r2,I,Q,?,B,A,H
chokeeey,12288,37387,25099,f68v2,f115r,I,T,?,B,A,S
s<221>ry,12289,26190,13901,f68v2,f99r,I,S,?,A,A,P
shis,12331,22476,10145,f68v1,f86v4,I,N,?,B,A,C
teeos,12381,23606,11225,f68v1,f86v3,I,N,?,B,A,C
cheoeky,12383,13967,1584,f68v1,f72v2,I,K,?,?,A,Z
opain,12390,38097,25707,f68v1,f116r,I,T,?,B,A,S
oteodain,12408,33522,21114,f68v1,f111r,I,T,?,B,A,S
alo<152>y,12479,13125,646,f69r,f70v2,J,J,?,?,C,Z
okeo<152>ar,12488,13271,783,f69r,f71r,J,K,?,?,C,Z
aldair,12491,36503,24012,f69r,f114r,J,T,?,B,C,S
aloly,12507,26141,13634,f69r,f99r,J,S,?,A,C,P
ed,12562,20408,7846,f69r,f83v,J,M,?,B,C,B
airchy,12636,14230,1594,f69v,f73v,J,L,?,?,C,Z
otaldal,12641,34950,22309,f69v,f112v,J,T,?,B,C,S
oteeal,12651,28080,15429,f69v,f103r,J,T,?,B,C,S
okeo<152>al,12659,13228,569,f69v,f70v1,J,J,?,?,C,Z
<221>rar,12661,30412,17751,f69v,f106r,J,T,?,B,C,S
dasy,12708,16472,3764,f70r1,f77v,J,M,?,B,C,B
oteosal,12795,13148,353,f70r1,f70v2,J,J,?,?,C,Z
aloees,12852,21630,8778,f70r2,f85r2,J,N,?,B,C,C
oparam,12868,22165,9297,f70r2,fRos,J,N,?,B,C,C
shokeey,12908,27975,15067,f70r2,f103r,J,T,?,B,C,S
okeeal,12912,16929,4017,f70r2,f78r,J,M,?,B,C,B
opaiir,12995,25401,12406,f70r2,f94r,J,Q,?,B,C,H
okee<152>aly,13012,13885,873,f70r2,f72v3,J,K,?,?,C,Z
otchoshy,13044,13522,478,f70r2,f72r1,J,K,?,?,C,Z
okcheo,13045,31123,18078,f70v2,f106v,J,T,?,B,Z,S
okasy,13088,34805,21717,f70v2,f112r,J,T,?,B,Z,S
okaram,13147,32658,19511,f70v2,f108r,J,T,?,B,Z,S
teodaiin,13166,25602,12436,f70v2,f95r1,J,Q,?,B,Z,H
okolshy,13220,20570,7350,f70v1,f84r,J,M,?,B,Z,B
otodal,13226,31345,18119,f70v1,f107r,J,T,?,B,Z,S
cheokeeo,13227,37841,24614,f70v1,f115v,J,T,?,B,Z,S
oteosaiin,13236,14115,879,f70v1,f72v1,J,K,?,?,Z,Z
okeolol,13238,13953,715,f70v1,f72v2,J,K,?,?,Z,Z
okealar,13252,13546,294,f70v1,f72r2,J,K,?,?,Z,Z
cheary,13298,32078,18780,f71r,f107v,K,T,?,B,Z,S
ateey,13346,27793,14447,f71v,f103r,K,T,?,B,Z,S
okaraiin,13385,25672,12287,f71v,f95r1,K,Q,?,B,Z,H
opalor,13391,36071,22680,f71v,f113v,K,T,?,B,Z,S
shldy,13419,20498,7079,f71v,f83v,K,M,?,B,Z,B
cthe<222>,13441,29417,15976,f72r1,f104v,K,T,?,B,Z,S
okochey,13459,31053,17594,f72r1,f106v,K,T,?,B,Z,S
otaraldy,13490,13588,98,f72r1,f72r2,K,K,?,?,Z,Z
shetey,13501,15853,2352,f72r1,f76v,K,M,?,B,Z,B
cheolor,13508,35150,21642,f72r1,f112v,K,T,?,B,Z,S
teos,13535,36328,22793,f72r1,f114r,K,T,?,B,Z,S
okairy,13545,30028,16483,f72r2,f105v,K,T,?,B,Z,S
qoeeeo,13570,33623,20053,f72r2,f111r,K,T,?,B,Z,S
okealy,13598,14021,423,f72r2,f72v2,K,K,?,?,Z,Z
orary,13601,21818,8217,f72r2,fRos,K,N,?,B,Z,C
oteo<152>aiin,13612,33545,19933,f72r2,f111r,K,T,?,B,Z,S
chas,13626,13898,272,f72r2,f72v3,K,K,?,?,Z,Z
okeolaiin,13664,13917,253,f72r3,f72v3,K,K,?,?,Z,Z
okarar,13666,25862,12196,f72r3,f95v1,K,Q,?,B,Z,H
sheoly,13694,21756,8062,f72r3,f85r2,K,N,?,B,Z,C
ypaiin,13705,31393,17688,f72r3,f107r,K,T,?,B,Z,S
alaly,13706,14302,596,f72r3,f73v,K,L,?,?,Z,Z
otochedy,13713,21813,8100,f72r3,fRos,K,N,?,B,Z,C
osary,13762,26330,12568,f72r3,f99v,K,S,?,A,Z,P
opalal,13789,32507,18718,f72r3,f108r,K,T,?,B,Z,S
octheol,13801,19362,5561,f72r3,f82r,K,M,?,B,Z,B
otchs,13808,21694,7886,f72v3,f85r2,K,N,?,B,Z,C
oteod<222>,13810,29009,15199,f72v3,f104r,K,T,?,B,Z,S
okechdy,13829,28240,14411,f72v3,f103v,K,T,?,B,Z,S
okeche<152>y,13837,33513,19676,f72v3,f111r,K,T,?,B,Z,S
sheeos,13857,24168,10311,f72v3,f89r1,K,O,?,A,Z,P
cholairy,13886,21574,7688,f72v3,f85r1,K,N,?,B,Z,T
okeees,13984,30446,16462,f72v2,f106r,K,T,?,B,Z,S
okeeoly,14068,32171,18103,f72v1,f108r,K,T,?,B,Z,S
oteod,14072,27254,13182,f72v1,f102r2,K,S,?,A,Z,P
oky<152>y,14103,21998,7895,f72v1,fRos,K,N,?,B,Z,C
oeeody,14110,37262,23152,f72v1,f115r,K,T,?,B,Z,S
yteeo<152>y,14123,23469,9346,f73r,f86v3,L,N,?,B,Z,C
daraly,14127,24055,9928,f73r,f88v,L,O,?,A,Z,P
oteeosy,14162,35250,21088,f73r,f113r,L,T,?,B,Z,S
chopchedy,14178,19416,5238,f73r,f82r,L,M,?,B,Z,B
<176>ar,14202,17894,3692,f73r,f79v,L,M,?,B,Z,B
yte<152>ar,14238,22063,7825,f73v,fRos,L,N,?,B,Z,C
qokeoly,14262,21169,6907,f73v,f84v,L,M,?,B,Z,B
ltain,14324,33686,19362,f75r,f111r,M,T,B,B,B,S
lch,14444,15473,1029,f75r,f76r,M,M,B,B,B,T
oqokain,14484,16510,2026,f75r,f77v,M,M,B,B,B,B
ajy,14529,32177,17648,f75r,f108r,M,T,B,B,B,S
dykeedy,14662,17528,2866,f75r,f79r,M,M,B,B,B,B
saino,14715,14980,265,f75r,f75v,M,M,B,B,B,B
saldy,14716,24146,9430,f75r,f88v,M,O,B,A,B,P
taral,14802,23102,8300,f75v,f86v5,M,N,B,B,B,T
qokydy,14812,21021,6209,f75v,f84v,M,M,B,B,B,B
darol,14845,19617,4772,f75v,f82r,M,M,B,B,B,B
dedy,14872,16003,1131,f75v,f76v,M,M,B,B,B,B
ychee<152>y,14979,36639,21660,f75v,f114r,M,T,B,B,B,S
lpchdy,15014,37613,22599,f75v,f115v,M,T,B,B,B,S
okeedal,15136,28865,13729,f76r,f104r,M,T,B,B,T,S
solshedy,15175,19673,4498,f76r,f82v,M,M,B,B,T,B
q<221>,15179,23830,8651,f76r,f87v,M,O,B,A,T,H
okee<152><222>,15188,36107,20919,f76r,f113v,M,T,B,B,T,S
qotes,15214,30670,15456,f76r,f106r,M,T,B,B,T,S
okeed,15235,16799,1564,f76r,f78r,M,M,B,B,T,B
qoke<222>,15313,32960,17647,f76r,f108v,M,T,B,B,T,S
cheolchey,15350,15893,543,f76r,f76v,M,M,B,B,T,B
ollchy,15397,20514,5117,f76r,f83v,M,M,B,B,T,B
lshed,15442,19538,4096,f76r,f82r,M,M,B,B,T,B
d<221>in,15516,27418,11902,f76r,f102v2,M,S,B,A,T,P
rory,15567,37704,22137,f76r,f115v,M,T,B,B,T,S
chedor,15592,30215,14623,f76r,f105v,M,T,B,B,T,S
solshey,15614,19500,3886,f76r,f82r,M,M,B,B,T,B
alchl,15666,35284,19618,f76v,f113r,M,T,B,B,B,S
ote<152><222>,15676,21853,6177,f76v,fRos,M,N,B,B,B,C
qoted<222>,15754,18945,3191,f76v,f81r,M,M,B,B,B,B
oleee<152>y,15755,28409,12654,f76v,f103v,M,T,B,B,B,S
qodeey,15794,29328,13534,f76v,f104v,M,T,B,B,B,S
chedchey,15798,17497,1699,f76v,f79r,M,M,B,B,B,B
rchees,15904,37615,21711,f76v,f115v,M,T,B,B,B,S
lshety,15966,19269,3303,f76v,f81v,M,M,B,B,B,B
qeedy,15968,16451,483,f76v,f77v,M,M,B,B,B,B
san,15998,23846,7848,f76v,f87v,M,O,B,A,B,H
dch<152>y,16029,25871,9842,f77r,f95v1,M,Q,B,B,B,H
lshee<152>y,16072,36203,20131,f77r,f113v,M,T,B,B,B,S
qolchy,16169,22526,6357,f77r,f86v6,M,N,B,B,B,T
solche<152>y,16184,20191,4007,f77r,f83r,M,M,B,B,B,B
olcheedy,16193,34597,18404,f77r,f112r,M,T,B,B,B,S
<221>rol,16296,27701,11405,f77r,f103r,M,T,B,B,B,S
lod,16330,28690,12360,f77r,f104r,M,T,B,B,B,S
<152>ag,16335,21456,5121,f77r,f85r1,M,N,B,B,B,T
oloky,16348,18141,1793,f77r,f80r,M,M,B,B,B,B
rchr,16373,16592,219,f77v,f77v,M,M,B,B,B,B
rsheedy,16386,19592,3206,f77v,f82r,M,M,B,B,B,B
che<152><222>,16492,34140,17648,f77v,f111v,M,T,B,B,B,S
qotas,16504,17594,1090,f77v,f79r,M,M,B,B,B,B
qolshedy,16596,17013,417,f77v,f78v,M,M,B,B,B,B
okalo,16691,32351,15660,f77v,f108r,M,T,B,B,B,S
<176>am,16733,19419,2686,f78r,f82r,M,M,B,B,B,B
yched,16834,32620,15786,f78r,f108r,M,T,B,B,B,S
sokeedy,16850,20196,3346,f78r,f83r,M,M,B,B,B,B
tchal,16871,19844,2973,f78r,f82v,M,M,B,B,B,B
<221>ly,16940,26670,9730,f78r,f101r,M,S,B,A,B,P
qokeiiin,16984,34734,17750,f78r,f112r,M,T,B,B,B,S
okaral,16990,38413,21423,f78r,f116r,M,T,B,B,B,S
olfchedy,16992,19634,2642,f78v,f82v,M,M,B,B,B,B
cth<152>y,17003,32758,15755,f78v,f108v,M,T,B,B,B,S
lshdy,17023,17295,272,f78v,f79r,M,M,B,B,B,B
olkee<222>,17031,34015,16984,f78v,f111v,M,T,B,B,B,S
qokeee<152>y,17085,36207,19122,f78v,f113v,M,T,B,B,B,S
<152>a,17148,24762,7614,f78v,f89v1,M,O,B,A,B,P
qofcheol,17169,36069,18900,f78v,f113v,M,T,B,B,B,S
okalor,17175,27725,10550,f78v,f103r,M,T,B,B,B,S
oltar,17238,25881,8643,f78v,f95v1,M,Q,B,B,B,H
oltal,17268,23359,6091,f78v,f86v5,M,N,B,B,B,T
qolshy,17322,32371,15049,f79r,f108r,M,T,B,B,B,S
pcheedy,17370,32631,15261,f79r,f108r,M,T,B,B,B,S
shoikhy,17385,24135,6750,f79r,f88v,M,O,B,A,B,P
ldain,17396,24263,6867,f79r,f89r1,M,O,B,A,B,P
sheyky,17468,18338,870,f79r,f80r,M,M,B,B,B,B
oikhy,17475,18732,1257,f79r,f80v,M,M,B,B,B,B
cholchey,17517,35335,17818,f79r,f113r,M,T,B,B,B,S
kas,17535,25463,7928,f79r,f94r,M,Q,B,B,B,H
o<176>aiin,17577,36871,19294,f79r,f114v,M,T,B,B,B,S
qotshedy,17586,37201,19615,f79r,f115r,M,T,B,B,B,S
polkeey,17630,22828,5198,f79r,f86v6,M,N,B,B,B,T
otshdy,17632,20110,2478,f79r,f83r,M,M,B,B,B,B
yshe<152>y,17637,25499,7862,f79r,f94v,M,Q,B,B,B,H
qot<221>l,17708,29967,12259,f79v,f105v,M,T,B,B,B,S
oroiiin,17857,19887,2030,f79v,f82v,M,M,B,B,B,B
ksheol,17900,23838,5938,f79v,f87v,M,O,B,A,B,H
lko,17910,37650,19740,f79v,f115v,M,T,B,B,B,S
ocheey,17938,27730,9792,f79v,f103r,M,T,B,B,B,S
p<221>iin,18120,22919,4799,f80r,f86v6,M,N,B,B,B,T
dalom,18152,37320,19168,f80r,f115r,M,T,B,B,B,S
oltain,18162,18773,611,f80r,f80v,M,M,B,B,B,B
<221>lky,18223,34899,16676,f80r,f112v,M,T,B,B,B,S
korchy,18236,30343,12107,f80r,f106r,M,T,B,B,B,S
cheykain,18275,27935,9660,f80r,f103r,M,T,B,B,B,S
lsheol,18300,35496,17196,f80r,f113r,M,T,B,B,B,S
oroly,18368,20751,2383,f80r,f84r,M,M,B,B,B,B
lteey,18399,31277,12878,f80r,f107r,M,T,B,B,B,S
qotl,18421,34282,15861,f80r,f111v,M,T,B,B,B,S
roly,18484,28973,10489,f80v,f104r,M,T,B,B,B,S
oithy,18511,33537,15026,f80v,f111r,M,T,B,B,B,S
dolshedy,18557,19675,1118,f80v,f82v,M,M,B,B,B,B
t<221>l,18562,32046,13484,f80v,f107v,M,T,B,B,B,S
qopshedy,18593,18668,75,f80v,f80v,M,M,B,B,B,B
solcheol,18620,20061,1441,f80v,f83r,M,M,B,B,B,B
oltydy,18639,30870,12231,f80v,f106v,M,T,B,B,B,S
oloraiin,18654,28132,9478,f80v,f103r,M,T,B,B,B,S
oltaiin,18709,36877,18168,f80v,f114v,M,T,B,B,B,S
sheyr,18764,24254,5490,f80v,f89r1,M,O,B,A,B,P
okiin,18779,35994,17215,f80v,f113v,M,T,B,B,B,S
qcthy,18806,29032,10226,f80v,f104r,M,T,B,B,B,S
lkol,18835,30195,11360,f80v,f105v,M,T,B,B,B,S
shkain,18854,38377,19523,f80v,f116r,M,T,B,B,B,S
opched<222>,18867,30079,11212,f81r,f105v,M,T,B,B,B,S
lchl,19050,29870,10820,f81r,f105r,M,T,B,B,B,S
sheckhal,19143,20470,1327,f81v,f83v,M,M,B,B,B,B
yar,19160,34798,15638,f81v,f112r,M,T,B,B,B,S
chetedy,19195,19650,455,f81v,f82v,M,M,B,B,B,B
ykechey,19198,37227,18029,f81v,f115r,M,T,B,B,B,S
ltary,19223,28115,8892,f81v,f103r,M,T,B,B,B,S
lte<152>y,19271,23038,3767,f81v,f86v5,M,N,B,B,B,T
qekchy,19291,28498,9207,f81v,f103v,M,T,B,B,B,S
qotedor,19415,29195,9780,f82r,f104v,M,T,B,B,B,S
deeedy,19440,29808,10368,f82r,f105r,M,T,B,B,B,S
polched,19474,37612,18138,f82r,f115v,M,T,B,B,B,S
qokeeed<222>,19521,36956,17435,f82r,f114v,M,T,B,B,B,S
qok<221>iin,19562,29070,9508,f82r,f104r,M,T,B,B,B,S
rag,19589,31954,12365,f82r,f107v,M,T,B,B,B,S
shedydy,19647,21091,1444,f82v,f84v,M,M,B,B,B,B
<221>lor,19861,25776,5915,f82v,f95v2,M,Q,B,B,B,H
lpche<152>y,19951,22317,2366,f83r,f86v4,M,N,B,B,B,C
lchs,19961,33013,13052,f83r,f108v,M,T,B,B,B,S
qeeedy,20008,32848,12840,f83r,f108v,M,T,B,B,B,S
<221>tal,20054,38062,18008,f83r,f116r,M,T,B,B,B,S
qcphhedy,20069,36431,16362,f83r,f114r,M,T,B,B,B,S
shechy,20103,33043,12940,f83r,f108v,M,T,B,B,B,S
qote<152>aiin,20149,22370,2221,f83r,f86v4,M,N,B,B,B,C
techedy,20200,33680,13480,f83r,f111r,M,T,B,B,B,S
sheekchy,20211,28348,8137,f83r,f103v,M,T,B,B,B,S
raly,20280,28636,8356,f83r,f103v,M,T,B,B,B,S
rolkeedy,20365,32062,11697,f83v,f107v,M,T,B,B,B,S
sheeckhy,20471,33506,13035,f83v,f111r,M,T,B,B,B,S
qoke<152><222>,20660,32997,12337,f84r,f108v,M,T,B,B,B,S
opalkaiin,20745,31392,10647,f84r,f107r,M,T,B,B,B,S
ckhedy,20758,35007,14249,f84r,f112v,M,T,B,B,B,S
poiin,20968,25758,4790,f84v,f95r2,M,Q,B,B,B,H
oke<152>am,21045,32441,11396,f84v,f108r,M,T,B,B,B,S
shtal,21098,28605,7507,f84v,f103v,M,T,B,B,B,S
qolkee<152>y,21149,37738,16589,f84v,f115v,M,T,B,B,B,S
dolor,21236,21378,142,f84v,f85r1,M,N,B,B,B,T
okshd,21291,24415,3124,f85r1,f89r2,N,O,B,A,T,P
qo<176>e<152>y,21339,29470,8131,f85r1,f104v,N,T,B,B,T,S
shdair,21371,31067,9696,f85r1,f106v,N,T,B,B,T,S
t<152>ain,21381,24197,2816,f85r1,f89r1,N,O,B,A,T,P
qokeeodaiin,21416,36379,14963,f85r1,f114r,N,T,B,B,T,S
shcphhy,21438,38415,16977,f85r1,f116r,N,T,B,B,T,S
checphey,21448,35072,13624,f85r1,f112v,N,T,B,B,T,S
dairar,21462,29332,7870,f85r1,f104v,N,T,B,B,T,S
qofch<152>y,21515,30915,9400,f85r1,f106v,N,T,B,B,T,S
qotedaiin,21632,25770,4138,f85r2,f95v2,N,Q,B,B,C,H
qo<152>ar,21685,25032,3347,f85r2,f90v2,N,O,B,A,C,H
<221>dar,21776,38389,16613,fRos,f116r,N,T,B,B,C,S
lraiin,21803,30123,8320,fRos,f105v,N,T,B,B,C,S
ofain,21808,21878,70,fRos,fRos,N,N,B,B,C,C
orarol,21826,24746,2920,fRos,f89v1,N,O,B,A,C,P
daldal,21827,24248,2421,fRos,f89r1,N,O,B,A,C,P
o<152>al,21856,21984,128,fRos,fRos,N,N,B,B,C,C
to<152>ar,21903,25999,4096,fRos,f96r,N,Q,B,A,C,H
olaiiin,21923,33351,11428,fRos,f111r,N,T,B,B,C,S
yko<152>ar,21940,24935,2995,fRos,f90r1,N,O,B,A,C,H
okas,21945,37863,15918,fRos,f115v,N,T,B,B,C,S
qotady,22037,29150,7113,fRos,f104v,N,T,B,B,C,S
opchees,22054,37715,15661,fRos,f115v,N,T,B,B,C,S
ote<152>ain,22061,37700,15639,fRos,f115v,N,T,B,B,C,S
cheykar,22086,31135,9049,fRos,f106v,N,T,B,B,C,S
okchr,22089,22230,141,fRos,fRos,N,N,B,B,C,C
otl,22123,35780,13657,fRos,f113v,N,T,B,B,C,S
opchdar,22140,34867,12727,fRos,f112v,N,T,B,B,C,S
oto<152>ar,22159,23604,1445,fRos,f86v3,N,N,B,B,C,C
opchdain,22184,37456,15272,fRos,f115r,N,T,B,B,C,S
keee<152>y,22193,28882,6689,fRos,f104r,N,T,B,B,C,S
opchody,22263,25313,3050,fRos,f93v,N,Q,B,A,C,H
chdair,22327,36368,14041,f86v4,f114r,N,T,B,B,C,S
she<152>,22336,33960,11624,f86v4,f111v,N,T,B,B,C,S
oteedar,22365,37996,15631,f86v4,f116r,N,T,B,B,C,S
oedy,22453,32589,10136,f86v4,f108r,N,T,B,B,C,S
lcheody,22481,28342,5861,f86v4,f103v,N,T,B,B,C,S
oleey,22500,38407,15907,f86v4,f116r,N,T,B,B,C,S
qoteeos,22609,28669,6060,f86v6,f104r,N,T,B,B,T,S
qckhy,22615,32590,9975,f86v6,f108r,N,T,B,B,T,S
chcfhy,22652,34896,12244,f86v6,f112v,N,T,B,B,T,S
lkeeor,22723,28261,5538,f86v6,f103v,N,T,B,B,T,S
qo<176>aiin,22779,23579,800,f86v6,f86v3,N,N,B,B,T,C
kshd,22796,23647,851,f86v6,f86v3,N,N,B,B,T,C
tshe<152>y,22814,25482,2668,f86v6,f94v,N,Q,B,B,T,H
tsh<152>y,22943,27822,4879,f86v6,f103r,N,T,B,B,T,S
lfchy,22999,33786,10787,f86v5,f111r,N,T,B,B,T,S
sheokaiin,23026,30457,7431,f86v5,f106r,N,T,B,B,T,S
sail,23036,30528,7492,f86v5,f106r,N,T,B,B,T,S
amom,23122,37920,14798,f86v5,f116r,N,T,B,B,T,S
odeeey,23436,28102,4666,f86v3,f103r,N,T,B,B,C,S
qotchedar,23460,29465,6005,f86v3,f104v,N,T,B,B,C,S
alr,23474,34261,10787,f86v3,f111v,N,T,B,B,C,S
chalkar,23505,28378,4873,f86v3,f103v,N,T,B,B,C,S
airody,23513,35734,12221,f86v3,f113r,N,T,B,B,C,S
dcheody,23515,23774,259,f86v3,f87v,N,O,B,A,C,H
cheo<152>ain,23518,28961,5443,f86v3,f104r,N,T,B,B,C,S
dsheody,23521,27118,3597,f86v3,f102r1,N,S,B,A,C,P
olfchey,23572,28195,4623,f86v3,f103v,N,T,B,B,C,S
aiim,23662,23844,182,f86v3,f87v,N,O,B,A,C,H
chekol,23717,24054,337,f87r,f88v,O,O,A,A,H,P
cthos,23729,25298,1569,f87r,f93r,O,Q,A,A,H,H
teodar,23741,26060,2319,f87r,f96v,O,Q,A,A,H,H
ckheor,23832,26070,2238,f87v,f96v,O,Q,A,A,H,H
old,23850,36305,12455,f87v,f114r,O,T,A,B,H,S
qoekol,23930,23931,1,f88r,f88r,O,O,A,A,P,P
otoram,23960,24056,96,f88r,f88v,O,O,A,A,P,P
cheokal,24022,26956,2934,f88v,f101v,O,S,A,A,P,P
olcheody,24034,33433,9399,f88v,f111r,O,T,A,B,P,S
cheokam,24040,30769,6729,f88v,f106r,O,T,A,B,P,S
yfolaiin,24066,26801,2735,f88v,f101r,O,S,A,A,P,P
ysheod,24068,29951,5883,f88v,f105v,O,T,A,B,P,S
qkol,24156,27604,3448,f89r1,f102v1,O,S,A,A,P,P
qocphey,24216,24991,775,f89r1,f90v2,O,O,A,A,P,H
cheol<152>y,24338,26394,2056,f89r2,f99v,O,S,A,A,P,P
oeeor,24365,26794,2429,f89r2,f101r,O,S,A,A,P,P
kolches,24417,30965,6548,f89r2,f106v,O,T,A,B,P,S
loiiin,24478,27114,2636,f89r2,f102r1,O,S,A,A,P,P
otalsy,24531,28178,3647,f89r2,f103r,O,T,A,B,P,S
cfheol,24553,26105,1552,f89v2,f99r,O,S,A,A,P,P
qo<152>am,24635,28771,4136,f89v2,f104r,O,T,A,B,P,S
qekor,24659,37142,12483,f89v2,f115r,O,T,A,B,P,S
dolchey,24832,26208,1376,f89v1,f99r,O,S,A,A,P,P
qofchol,24894,31475,6581,f90r1,f107r,O,T,A,B,H,S
shokol,24937,26424,1487,f90r1,f99v,O,S,A,A,H,P
qoeeor,24978,28249,3271,f90r2,f103v,O,T,A,B,H,S
chee<221>,25001,31321,6320,f90v2,f107r,O,T,A,B,H,S
qokee<221>r,25005,34827,9822,f90v2,f112v,O,T,A,B,H,S
shee<221>l,25045,28067,3022,f90v2,f103r,O,T,A,B,H,S
deeo,25149,31254,6105,f90v1,f107r,O,T,A,B,H,S
keeeol,25151,35340,10189,f90v1,f113r,O,T,A,B,H,S
sheeody,25213,27454,2241,f93r,f102v2,Q,S,A,A,H,P
okcheor,25234,26576,1342,f93r,f100v,Q,S,A,A,H,P
ctho<152>y,25255,25349,94,f93r,f93v,Q,Q,A,A,H,H
ctheos,25372,27490,2118,f93v,f102v2,Q,S,A,A,H,P
qokshd,25517,30942,5425,f94v,f106v,Q,T,B,B,H,S
okchaiin,25559,34762,9203,f94v,f112r,Q,T,B,B,H,S
tchdor,25626,37594,11968,f95r1,f115v,Q,T,B,B,H,S
qo<176>y,25633,34844,9211,f95r1,f112v,Q,T,B,B,H,S
alod,25654,29520,3866,f95r1,f104v,Q,T,B,B,H,S
tshod,25719,30974,5255,f95r2,f106v,Q,T,B,B,H,S
ted,25747,29932,4185,f95r2,f105r,Q,T,B,B,H,S
qo<176>ar,25842,37515,11673,f95v1,f115v,Q,T,B,B,H,S
kshed,25902,30502,4600,f95v1,f106r,Q,T,B,B,H,S
qokeeod,25903,33645,7742,f95v1,f111r,Q,T,B,B,H,S
cpheol,25946,26193,247,f96r,f99r,Q,S,A,A,H,P
toaiin,25956,28820,2864,f96r,f104r,Q,T,A,B,H,S
ckhe<221>l,26067,27271,1204,f96v,f102r2,Q,S,A,A,H,P
salo,26089,38167,12078,f99r,f116r,S,T,A,B,P,S
dol<152>am,26376,26405,29,f99v,f99v,S,S,A,A,P,P
ok<221>iin,26411,31298,4887,f99v,f107r,S,T,A,B,P,S
oraro,26464,37067,10603,f100r,f115r,S,T,A,B,P,S
olchor,26557,27055,498,f100r,f101v,S,S,A,A,P,P
sheocphy,26582,35593,9011,f100v,f113r,S,T,A,B,P,S
chockhar,26644,28818,2174,f100v,f104r,S,T,A,B,P,S
cheokeol,26653,35621,8968,f100v,f113r,S,T,A,B,P,S
chchy,26787,29493,2706,f101r,f104v,S,T,A,B,P,S
pcholy,26919,32310,5391,f101v,f108r,S,T,A,B,P,S
pshodaiin,27140,30679,3539,f102r1,f106r,S,T,A,B,P,S
olcheor,27175,31460,4285,f102r1,f107r,S,T,A,B,P,S
qoke<221>l,27178,33869,6691,f102r1,f111v,S,T,A,B,P,S
<221>s,27198,37932,10734,f102r1,f116r,S,T,A,B,P,S
<152>o,27281,27293,12,f102r2,f102r2,S,S,A,A,P,P
qoeeol,27630,29407,1777,f102v1,f104v,S,T,A,B,P,S
shkar,27705,34802,7097,f103r,f112r,T,T,B,B,S,S
ota,27739,36181,8442,f103r,f113v,T,T,B,B,S,S
oteche<152>y,28050,33870,5820,f103r,f111v,T,T,B,B,S,S
qoteed<222>,28233,38020,9787,f103v,f116r,T,T,B,B,S,S
qokshdy,28238,30939,2701,f103v,f106v,T,T,B,B,S,S
lshor,28250,35444,7194,f103v,f113r,T,T,B,B,S,S
okeeshy,28349,34820,6471,f103v,f112v,T,T,B,B,S,S
tokain,28394,37986,9592,f103v,f116r,T,T,B,B,S,S
ycheody,28413,35812,7399,f103v,f113v,T,T,B,B,S,S
oteaiin,28453,33925,5472,f103v,f111v,T,T,B,B,S,S
akeey,28456,33253,4797,f103v,f111r,T,T,B,B,S,S
poly,28488,35158,6670,f103v,f112v,T,T,B,B,S,S
qkain,28609,33156,4547,f103v,f108v,T,T,B,B,S,S
odr,28726,31122,2396,f104r,f106v,T,T,B,B,S,S
oeeal,28783,35169,6386,f104r,f112v,T,T,B,B,S,S
airod,28830,29903,1073,f104r,f105r,T,T,B,B,S,S
rl,28851,33089,4238,f104r,f108v,T,T,B,B,S,S
ysheeody,28953,29632,679,f104r,f105r,T,T,B,B,S,S
olcheo,28970,31025,2055,f104r,f106v,T,T,B,B,S,S
opam,29002,35924,6922,f104r,f113v,T,T,B,B,S,S
olched,29037,30404,1367,f104r,f106r,T,T,B,B,S,S
qotee<152>,29098,33553,4455,f104v,f111r,T,T,B,B,S,S
oeedaiin,29118,36513,7395,f104v,f114r,T,T,B,B,S,S
airol,29136,36106,6970,f104v,f113v,T,T,B,B,S,S
chotedy,29170,32181,3011,f104v,f108r,T,T,B,B,S,S
lcheod,29178,37239,8061,f104v,f115r,T,T,B,B,S,S
dlchd,29246,37372,8126,f104v,f115r,T,T,B,B,S,S
sarain,29282,34961,5679,f104v,f112v,T,T,B,B,S,S
lkair,29411,32528,3117,f104v,f108r,T,T,B,B,S,S
cheeod,29441,35652,6211,f104v,f113r,T,T,B,B,S,S
<176>aiin,29574,30881,1307,f105r,f106v,T,T,B,B,S,S
cheod<222>,29587,37031,7444,f105r,f114v,T,T,B,B,S,S
qoeeody,29671,36390,6719,f105r,f114r,T,T,B,B,S,S
dyteey,29680,29927,247,f105r,f105r,T,T,B,B,S,S
ltee<152>y,29720,34274,4554,f105r,f111v,T,T,B,B,S,S
oleedy,29732,38059,8327,f105r,f116r,T,T,B,B,S,S
paiir,29759,36009,6250,f105r,f113v,T,T,B,B,S,S
teedar,29766,33204,3438,f105r,f108v,T,T,B,B,S,S
ylkaiin,29788,31802,2014,f105r,f107v,T,T,B,B,S,S
laiiin,29840,30693,853,f105r,f106r,T,T,B,B,S,S
kechedy,29844,37134,7290,f105r,f115r,T,T,B,B,S,S
eed,29858,30145,287,f105r,f105v,T,T,B,B,S,S
qoedaiin,29964,36313,6349,f105v,f114r,T,T,B,B,S,S
opched,29971,30818,847,f105v,f106v,T,T,B,B,S,S
kedar,30013,32840,2827,f105v,f108v,T,T,B,B,S,S
ksheeol,30017,36190,6173,f105v,f113v,T,T,B,B,S,S
qolkaiin,30132,34428,4296,f105v,f112r,T,T,B,B,S,S
lkaiir,30141,30959,818,f105v,f106v,T,T,B,B,S,S
chopchdy,30151,37718,7567,f105v,f115v,T,T,B,B,S,S
qoek,30168,37414,7246,f105v,f115r,T,T,B,B,S,S
kl,30181,31511,1330,f105v,f107r,T,T,B,B,S,S
poar,30266,34526,4260,f105v,f112r,T,T,B,B,S,S
aildy,30334,31205,871,f105v,f106v,T,T,B,B,S,S
o<176>shey,30338,34353,4015,f105v,f111v,T,T,B,B,S,S
lchg,30449,33141,2692,f106r,f108v,T,T,B,B,S,S
pcheo,30462,37711,7249,f106r,f115v,T,T,B,B,S,S
lkshedy,30584,31969,1385,f106r,f107v,T,T,B,B,S,S
rody,30589,31131,542,f106r,f106v,T,T,B,B,S,S
chlar,30590,32496,1906,f106r,f108r,T,T,B,B,S,S
chlal,30607,32750,2143,f106r,f108v,T,T,B,B,S,S
sheoal,30624,36823,6199,f106r,f114v,T,T,B,B,S,S
kairam,30625,31626,1001,f106r,f107r,T,T,B,B,S,S
cholchedy,30712,30799,87,f106r,f106v,T,T,B,B,S,S
daiiral,30724,36641,5917,f106r,f114r,T,T,B,B,S,S
shtar,30831,33427,2596,f106v,f111r,T,T,B,B,S,S
chod<222>,30832,33541,2709,f106v,f111r,T,T,B,B,S,S
qo<152>aiin,30867,37158,6291,f106v,f115r,T,T,B,B,S,S
oteeo<152>y,30874,35234,4360,f106v,f113r,T,T,B,B,S,S
shokar,30960,34187,3227,f106v,f111v,T,T,B,B,S,S
okarol,31011,36229,5218,f106v,f114r,T,T,B,B,S,S
otches,31021,35776,4755,f106v,f113v,T,T,B,B,S,S
kcheeor,31086,35326,4240,f106v,f113r,T,T,B,B,S,S
kched<222>,31101,36425,5324,f106v,f114r,T,T,B,B,S,S
<221>teey,31226,34840,3614,f107r,f112v,T,T,B,B,S,S
lldy,31430,34186,2756,f107r,f111v,T,T,B,B,S,S
pal,31434,31705,271,f107r,f107r,T,T,B,B,S,S
okil,31437,31646,209,f107r,f107r,T,T,B,B,S,S
ycheain,31449,33110,1661,f107r,f108v,T,T,B,B,S,S
arolkeey,31541,32444,903,f107r,f108r,T,T,B,B,S,S
pcholky,31615,36104,4489,f107r,f113v,T,T,B,B,S,S
chtl,31690,31693,3,f107r,f107r,T,T,B,B,S,S
alkeeey,31719,34994,3275,f107v,f112v,T,T,B,B,S,S
chokedy,31809,32459,650,f107v,f108r,T,T,B,B,S,S
tshed<222>,31812,37686,5874,f107v,f115v,T,T,B,B,S,S
lty,31989,38143,6154,f107v,f116r,T,T,B,B,S,S
lcheor,32048,38398,6350,f107v,f116r,T,T,B,B,S,S
poraiin,32056,35861,3805,f107v,f113v,T,T,B,B,S,S
lkedal,32195,35854,3659,f108r,f113v,T,T,B,B,S,S
qaiin,32253,35182,2929,f108r,f112v,T,T,B,B,S,S
tedam,32342,32791,449,f108r,f108v,T,T,B,B,S,S
keedal,32567,35038,2471,f108r,f112v,T,T,B,B,S,S
okeedain,32577,37221,4644,f108r,f115r,T,T,B,B,S,S
dalkedy,32606,35061,2455,f108r,f112v,T,T,B,B,S,S
lkch<152>y,32625,37881,5256,f108r,f115v,T,T,B,B,S,S
keedain,32772,35159,2387,f108v,f112v,T,T,B,B,S,S
lcheal,32946,33112,166,f108v,f108v,T,T,B,B,S,S
lkeee<152>y,32965,33667,702,f108v,f111r,T,T,B,B,S,S
checkhed,32994,33750,756,f108v,f111r,T,T,B,B,S,S
lke<152>ain,33079,37528,4449,f108v,f115v,T,T,B,B,S,S
aiy,33652,36462,2810,f111r,f114r,T,T,B,B,S,S
oteain,33690,34199,509,f111r,f111v,T,T,B,B,S,S
okechedy,33693,34696,1003,f111r,f112r,T,T,B,B,S,S
tedain,33782,34614,832,f111r,f112r,T,T,B,B,S,S
qokeain,33832,34322,490,f111r,f111v,T,T,B,B,S,S
qote<152>al,33908,36966,3058,f111v,f114v,T,T,B,B,S,S
qoteal,34086,36113,2027,f111v,f113v,T,T,B,B,S,S
tarol,34237,35947,1710,f111v,f113v,T,T,B,B,S,S
teeedy,34311,35029,718,f111v,f112v,T,T,B,B,S,S
okeiin,34325,34394,69,f111v,f111v,T,T,B,B,S,S
oteedal,34422,37776,3354,f112r,f115v,T,T,B,B,S,S
olkeear,34545,34732,187,f112r,f112r,T,T,B,B,S,S
lched<222>,34593,38077,3484,f112r,f116r,T,T,B,B,S,S
octhdy,34603,36336,1733,f112r,f114r,T,T,B,B,S,S
shckhhy,34690,37831,3141,f112r,f115v,T,T,B,B,S,S
pchodain,34925,37659,2734,f112v,f115v,T,T,B,B,S,S
lkeeedy,35015,36132,1117,f112v,f113v,T,T,B,B,S,S
polor,35054,37760,2706,f112v,f115v,T,T,B,B,S,S
tchedor,35068,37500,2432,f112v,f115v,T,T,B,B,S,S
checkhol,35093,35827,734,f112v,f113v,T,T,B,B,S,S
chedaiiin,35104,36591,1487,f112v,f114r,T,T,B,B,S,S
ycheod,35409,36241,832,f113r,f114r,T,T,B,B,S,S
shkchedy,35535,37403,1868,f113r,f115r,T,T,B,B,S,S
dsheo,35631,37155,1524,f113r,f115r,T,T,B,B,S,S
qokaram,35895,37333,1438,f113v,f115r,T,T,B,B,S,S
oteee<222>,36100,36118,18,f113v,f113v,T,T,B,B,S,S
qokeedaiin,36286,37156,870,f114r,f115r,T,T,B,B,S,S
qodair,36340,37316,976,f114r,f115r,T,T,B,B,S,S
qokeedain,36376,36527,151,f114r,f114r,T,T,B,B,S,S
cheedain,36524,36715,191,f114r,f114v,T,T,B,B,S,S
teee<152>y,37026,37042,16,f114v,f115r,T,T,B,B,S,S
rodaiin,37260,37786,526,f115r,f115v,T,T,B,B,S,S
rodam,37639,37885,246,f115v,f115v,T,T,B,B,S,S
in,38005,38028,23,f116r,f116r,T,T,B,B,S,S
chll,38057,38231,174,f116r,f116r,T,T,B,B,S,S
